{
	"partitions" : [
		{
			"name" : "Top",
			"pins" : [
				{
					"name" : "ZClone[0]",
					"strict" : false
				},
				{
					"name" : "ZClone[1]",
					"strict" : false
				},
				{
					"name" : "ZClone[2]",
					"strict" : false
				},
				{
					"name" : "ZClone[3]",
					"strict" : false
				},
				{
					"name" : "LED[0]",
					"strict" : false
				},
				{
					"name" : "LED[1]",
					"strict" : false
				},
				{
					"name" : "LED[2]",
					"strict" : false
				},
				{
					"name" : "LED[3]",
					"strict" : false
				},
				{
					"name" : "LED[4]",
					"strict" : false
				},
				{
					"name" : "LED[5]",
					"strict" : false
				},
				{
					"name" : "LED[6]",
					"strict" : false
				},
				{
					"name" : "LED[7]",
					"strict" : false
				},
				{
					"name" : "LED[10]",
					"strict" : false
				},
				{
					"name" : "LED[11]",
					"strict" : false
				},
				{
					"name" : "LED[12]",
					"strict" : false
				},
				{
					"name" : "X[0]",
					"strict" : false
				},
				{
					"name" : "Y[0]",
					"strict" : false
				},
				{
					"name" : "X[1]",
					"strict" : false
				},
				{
					"name" : "Y[1]",
					"strict" : false
				},
				{
					"name" : "X[2]",
					"strict" : false
				},
				{
					"name" : "Y[2]",
					"strict" : false
				}
			]
		}
	]
}