{
	"partitions" : [
		{
			"name" : "Top",
			"pins" : [
				{
					"name" : "PWM",
					"strict" : false
				},
				{
					"name" : "PWMExit",
					"strict" : false
				},
				{
					"name" : "LED[0]",
					"strict" : false
				},
				{
					"name" : "LED[1]",
					"strict" : false
				},
				{
					"name" : "LED[2]",
					"strict" : false
				},
				{
					"name" : "LED[3]",
					"strict" : false
				},
				{
					"name" : "LED[4]",
					"strict" : false
				},
				{
					"name" : "LED[5]",
					"strict" : false
				},
				{
					"name" : "LED[6]",
					"strict" : false
				},
				{
					"name" : "LED[7]",
					"strict" : false
				},
				{
					"name" : "LED[10]",
					"strict" : false
				},
				{
					"name" : "LED[11]",
					"strict" : false
				},
				{
					"name" : "LED[12]",
					"strict" : false
				},
				{
					"name" : "CLK",
					"strict" : false
				},
				{
					"name" : "CLKExit",
					"strict" : false
				},
				{
					"name" : "InfraInput",
					"strict" : false
				},
				{
					"name" : "ButtonInput",
					"strict" : false
				}
			]
		}
	]
}